formula,adsorbate,adsorption_energy_eV,species_ratio,metal_nonmetal_ratio,metal_radius,nonmetal_radius,mean_bond_length,miller_index,packing_density,metal_electronegativity,metal_valence,nonmetal_electronegativity,nonmetal_valence,electronegativity_ratio,fermi_energy,band_gap,magnetic_moment,reference,remarks,formation_energy,bulk_modulus,shear_modulus,eps_avg,jid,e_hull
TiO2,S8,3.84,0.0,0.5,176,48,1.99,2,0.365,1.54,4,3.44,6,0.4476744186046512,1.417,2.68,0.0,https://doi.org/10.1007/s12274-022-5061-4,,-3.24965,159.06714285714284,74.66285714285715,12.5,JVASP-TiO2,1.4705
TiO2,Li2S8,2.67,0.2,0.5,176,48,1.99,2,0.365,1.54,4,3.44,6,0.4476744186046512,1.417,2.68,0.0,https://doi.org/10.1007/s12274-022-5061-4,,-3.24965,159.06714285714284,74.66285714285715,12.5,JVASP-TiO2,1.4705
TiO2,Li2S6,3.08,0.25,0.5,176,48,1.99,2,0.365,1.54,4,3.44,6,0.4476744186046512,1.417,2.68,0.0,https://doi.org/10.1007/s12274-022-5061-4,,-3.24965,159.06714285714284,74.66285714285715,12.5,JVASP-TiO2,1.4705
TiO2,Li2S4,3.67,0.33,0.5,176,48,1.99,2,0.365,1.54,4,3.44,6,0.4476744186046512,1.417,2.68,0.0,https://doi.org/10.1007/s12274-022-5061-4,,-3.24965,159.06714285714284,74.66285714285715,12.5,JVASP-TiO2,1.4705
TiO2,Li2S2,3.48,0.5,0.5,176,48,1.99,2,0.365,1.54,4,3.44,6,0.4476744186046512,1.417,2.68,0.0,https://doi.org/10.1007/s12274-022-5061-4,,-3.24965,159.06714285714284,74.66285714285715,12.5,JVASP-TiO2,1.4705
Ti4O7,S8,0.91,0.0,0.57,176,48,2.02,6,0.412,1.54,4,3.44,6,0.4476744186046512,5.963,0.0,0.98,https://doi.org/10.1007/s12274-022-5061-4,,-2.77293,175.0,70.0,12.5,JVASP-Ti4O7,0.04
Ti4O7,Li2S8,1.67,0.2,0.57,176,48,2.02,6,0.412,1.54,4,3.44,6,0.4476744186046512,5.963,0.0,0.98,https://doi.org/10.1007/s12274-022-5061-4,,-2.77293,175.0,70.0,12.5,JVASP-Ti4O7,0.04
Ti4O7,Li2S6,2.23,0.25,0.57,176,48,2.02,6,0.412,1.54,4,3.44,6,0.4476744186046512,5.963,0.0,0.98,https://doi.org/10.1007/s12274-022-5061-4,,-2.77293,175.0,70.0,12.5,JVASP-Ti4O7,0.04
Ti4O7,Li2S4,2.82,0.33,0.57,176,48,2.02,6,0.412,1.54,4,3.44,6,0.4476744186046512,5.963,0.0,0.98,https://doi.org/10.1007/s12274-022-5061-4,,-2.77293,175.0,70.0,12.5,JVASP-Ti4O7,0.04
Ti4O7,Li2S2,3.05,0.5,0.57,176,48,2.02,6,0.412,1.54,4,3.44,6,0.4476744186046512,5.963,0.0,0.98,https://doi.org/10.1007/s12274-022-5061-4,,-2.77293,175.0,70.0,12.5,JVASP-Ti4O7,0.04
Ti3O5,S8,1.43,0.0,0.6,176,48,2.03,8,0.443,1.54,4,3.44,6,0.4476744186046512,5.805,0.0,0.01,https://doi.org/10.1007/s12274-022-5061-4,,-3.17828,170.0,68.0,12.5,JVASP-Ti3O5,0.03
Ti3O5,Li2S8,4.02,0.2,0.6,176,48,2.03,8,0.443,1.54,4,3.44,6,0.4476744186046512,5.805,0.0,0.01,https://doi.org/10.1007/s12274-022-5061-4,,-3.17828,170.0,68.0,12.5,JVASP-Ti3O5,0.03
Ti3O5,Li2S6,3.28,0.25,0.6,176,48,2.03,8,0.443,1.54,4,3.44,6,0.4476744186046512,5.805,0.0,0.01,https://doi.org/10.1007/s12274-022-5061-4,,-3.17828,170.0,68.0,12.5,JVASP-Ti3O5,0.03
Ti3O5,Li2S4,3.07,0.33,0.6,176,48,2.03,8,0.443,1.54,4,3.44,6,0.4476744186046512,5.805,0.0,0.01,https://doi.org/10.1007/s12274-022-5061-4,,-3.17828,170.0,68.0,12.5,JVASP-Ti3O5,0.03
Ti3O5,Li2S2,1.18,0.5,0.6,176,48,2.03,8,0.443,1.54,4,3.44,6,0.4476744186046512,5.805,0.0,0.01,https://doi.org/10.1007/s12274-022-5061-4,,-3.17828,170.0,68.0,12.5,JVASP-Ti3O5,0.03
TiSe2,S8,0.7,0.0,0.5,176,103,2.57,1,0.366,1.54,4,2.55,6,0.603921568627451,3.1,0.0,0.0,https://doi.org/10.1016/j.apsusc.2021.151213,,-1.16276,41.4,27.56,12.5,JVASP-TiSe2,1.5637
TiSe2,Li2S8,0.99,0.2,0.5,176,103,2.57,1,0.366,1.54,4,2.55,6,0.603921568627451,3.1,0.0,0.0,https://doi.org/10.1016/j.apsusc.2021.151213,,-1.16276,41.4,27.56,12.5,JVASP-TiSe2,1.5637
TiSe2,Li2S6,0.94,0.25,0.5,176,103,2.57,1,0.366,1.54,4,2.55,6,0.603921568627451,3.1,0.0,0.0,https://doi.org/10.1016/j.apsusc.2021.151213,,-1.16276,41.4,27.56,12.5,JVASP-TiSe2,1.5637
TiSe2,Li2S4,1.24,0.33,0.5,176,103,2.57,1,0.366,1.54,4,2.55,6,0.603921568627451,3.1,0.0,0.0,https://doi.org/10.1016/j.apsusc.2021.151213,,-1.16276,41.4,27.56,12.5,JVASP-TiSe2,1.5637
VSe,S8,0.85,0.0,1.0,171,103,2.5,5,0.409,1.63,5,2.55,6,0.6392156862745098,2.997,0.0,0.04,https://doi.org/10.1016/j.apsusc.2021.151213,,-0.51504,90.68666666666667,51.75,12.5,JVASP-VSe,1.6332
VSe,Li2S8,1.37,0.2,1.0,171,103,2.5,5,0.409,1.63,5,2.55,6,0.6392156862745098,2.997,0.0,0.04,https://doi.org/10.1016/j.apsusc.2021.151213,,-0.51504,90.68666666666667,51.75,12.5,JVASP-VSe,1.6332
VSe,Li2S6,1.2,0.25,1.0,171,103,2.5,5,0.409,1.63,5,2.55,6,0.6392156862745098,2.997,0.0,0.04,https://doi.org/10.1016/j.apsusc.2021.151213,,-0.51504,90.68666666666667,51.75,12.5,JVASP-VSe,1.6332
VSe,Li2S4,1.2,0.33,1.0,171,103,2.5,5,0.409,1.63,5,2.55,6,0.6392156862745098,2.997,0.0,0.04,https://doi.org/10.1016/j.apsusc.2021.151213,,-0.51504,90.68666666666667,51.75,12.5,JVASP-VSe,1.6332
VSe2,S8,0.75,0.0,0.5,171,103,2.5,1,0.38,1.63,5,2.55,6,0.6392156862745098,0.626,0.0,0.73,https://doi.org/10.1016/j.apsusc.2021.151213,,-0.71318,48.105000000000004,32.76,12.5,JVASP-VSe2,1.87
VSe2,Li2S8,1.0,0.2,0.5,171,103,2.5,1,0.38,1.63,5,2.55,6,0.6392156862745098,0.626,0.0,0.73,https://doi.org/10.1016/j.apsusc.2021.151213,,-0.71318,48.105000000000004,32.76,12.5,JVASP-VSe2,1.87
VSe2,Li2S6,0.91,0.25,0.5,171,103,2.5,1,0.38,1.63,5,2.55,6,0.6392156862745098,0.626,0.0,0.73,https://doi.org/10.1016/j.apsusc.2021.151213,,-0.71318,48.105000000000004,32.76,12.5,JVASP-VSe2,1.87
VSe2,Li2S4,1.18,0.33,0.5,171,103,2.5,1,0.38,1.63,5,2.55,6,0.6392156862745098,0.626,0.0,0.73,https://doi.org/10.1016/j.apsusc.2021.151213,,-0.71318,48.105000000000004,32.76,12.5,JVASP-VSe2,1.87
CrSe,S8,0.69,0.0,1.0,166,103,2.44,5,0.11,1.66,6,2.55,6,0.6509803921568628,4.986,0.0,0.33,https://doi.org/10.1016/j.apsusc.2021.151213,,-0.30108,61.47,21.18,12.5,JVASP-CrSe,1.9061
CrSe,Li2S8,0.92,0.2,1.0,166,103,2.44,5,0.11,1.66,6,2.55,6,0.6509803921568628,4.986,0.0,0.33,https://doi.org/10.1016/j.apsusc.2021.151213,,-0.30108,61.47,21.18,12.5,JVASP-CrSe,1.9061
CrSe,Li2S6,0.88,0.25,1.0,166,103,2.44,5,0.11,1.66,6,2.55,6,0.6509803921568628,4.986,0.0,0.33,https://doi.org/10.1016/j.apsusc.2021.151213,,-0.30108,61.47,21.18,12.5,JVASP-CrSe,1.9061
CrSe,Li2S4,0.94,0.33,1.0,166,103,2.44,5,0.11,1.66,6,2.55,6,0.6509803921568628,4.986,0.0,0.33,https://doi.org/10.1016/j.apsusc.2021.151213,,-0.30108,61.47,21.18,12.5,JVASP-CrSe,1.9061
MnO,Li2S8,2.78,0.2,1.0,161,48,2.25,4,0.579,1.55,7,3.44,6,0.4505813953488372,6.311,0.18,0.0,https://doi.org/10.1016/j.jpowsour.2022.232244,,-1.31265,184.99,54.115,12.5,JVASP-MnO,1.5552
MnO,Li2S6,2.5,0.25,1.0,161,48,2.25,4,0.579,1.55,7,3.44,6,0.4505813953488372,6.311,0.18,0.0,https://doi.org/10.1016/j.jpowsour.2022.232244,,-1.31265,184.99,54.115,12.5,JVASP-MnO,1.5552
MnO,Li2S4,2.68,0.33,1.0,161,48,2.25,4,0.579,1.55,7,3.44,6,0.4505813953488372,6.311,0.18,0.0,https://doi.org/10.1016/j.jpowsour.2022.232244,,-1.31265,184.99,54.115,12.5,JVASP-MnO,1.5552
MnO,Li2S2,2.41,0.5,1.0,161,48,2.25,4,0.579,1.55,7,3.44,6,0.4505813953488372,6.311,0.18,0.0,https://doi.org/10.1016/j.jpowsour.2022.232244,,-1.31265,184.99,54.115,12.5,JVASP-MnO,1.5552
MnS,Li2S8,2.44,0.2,1.0,161,88,2.56,4,0.477,1.55,7,2.58,6,0.6007751937984496,7.31,0.0,4.61,https://doi.org/10.1016/j.jpowsour.2022.232244,,-0.49365,57.85,29.955,12.5,JVASP-MnS,1.7975
MnS,Li2S6,2.12,0.25,1.0,161,88,2.56,4,0.477,1.55,7,2.58,6,0.6007751937984496,7.31,0.0,4.61,https://doi.org/10.1016/j.jpowsour.2022.232244,,-0.49365,57.85,29.955,12.5,JVASP-MnS,1.7975
MnS,Li2S4,2.26,0.33,1.0,161,88,2.56,4,0.477,1.55,7,2.58,6,0.6007751937984496,7.31,0.0,4.61,https://doi.org/10.1016/j.jpowsour.2022.232244,,-0.49365,57.85,29.955,12.5,JVASP-MnS,1.7975
MnS,Li2S2,1.99,0.5,1.0,161,88,2.56,4,0.477,1.55,7,2.58,6,0.6007751937984496,7.31,0.0,4.61,https://doi.org/10.1016/j.jpowsour.2022.232244,,-0.49365,57.85,29.955,12.5,JVASP-MnS,1.7975
MnSe,Li2S8,2.46,0.2,1.0,161,103,2.71,4,0.462,1.55,7,2.55,6,0.607843137254902,5.97,0.0,4.77,https://doi.org/10.1016/j.jpowsour.2022.232244,,-0.2989,68.90333333333334,15.955,12.5,JVASP-MnSe,1.7235
MnSe,Li2S6,2.11,0.25,1.0,161,103,2.71,4,0.462,1.55,7,2.55,6,0.607843137254902,5.97,0.0,4.77,https://doi.org/10.1016/j.jpowsour.2022.232244,,-0.2989,68.90333333333334,15.955,12.5,JVASP-MnSe,1.7235
MnSe,Li2S4,2.24,0.33,1.0,161,103,2.71,4,0.462,1.55,7,2.55,6,0.607843137254902,5.97,0.0,4.77,https://doi.org/10.1016/j.jpowsour.2022.232244,,-0.2989,68.90333333333334,15.955,12.5,JVASP-MnSe,1.7235
MnSe,Li2S2,1.95,0.5,1.0,161,103,2.71,4,0.462,1.55,7,2.55,6,0.607843137254902,5.97,0.0,4.77,https://doi.org/10.1016/j.jpowsour.2022.232244,,-0.2989,68.90333333333334,15.955,12.5,JVASP-MnSe,1.7235
FeSe,S8,0.94,0.0,1.0,156,103,2.3,5,0.465,1.83,8,2.55,6,0.7176470588235295,4.327,0.0,0.0,https://doi.org/10.1016/j.apsusc.2021.151213,,-0.28331,82.74833333333333,40.79,12.5,JVASP-FeSe,1.4638
FeSe,Li2S8,1.24,0.2,1.0,156,103,2.3,5,0.465,1.83,8,2.55,6,0.7176470588235295,4.327,0.0,0.0,https://doi.org/10.1016/j.apsusc.2021.151213,,-0.28331,82.74833333333333,40.79,12.5,JVASP-FeSe,1.4638
FeSe,Li2S6,0.9,0.25,1.0,156,103,2.3,5,0.465,1.83,8,2.55,6,0.7176470588235295,4.327,0.0,0.0,https://doi.org/10.1016/j.apsusc.2021.151213,,-0.28331,82.74833333333333,40.79,12.5,JVASP-FeSe,1.4638
FeSe,Li2S4,0.94,0.33,1.0,156,103,2.3,5,0.465,1.83,8,2.55,6,0.7176470588235295,4.327,0.0,0.0,https://doi.org/10.1016/j.apsusc.2021.151213,,-0.28331,82.74833333333333,40.79,12.5,JVASP-FeSe,1.4638
Co3O4,Li2S8,1.74,0.2,0.75,152,48,2.0,11,0.533,1.88,9,3.44,6,0.5465116279069767,5.587,0.0,3.0,https://doi.org/10.1021/acsmaterialslett.2c00266,,-1.10868,186.5,65.0,12.5,JVASP-Co3O4,3.0192
CoSe,S8,1.0,0.0,1.0,152,103,2.31,5,0.462,1.88,9,2.55,6,0.7372549019607844,5.197,0.0,0.35,https://doi.org/10.1016/j.apsusc.2021.151213,,-0.25744,89.39999999999999,35.230000000000004,12.5,JVASP-CoSe,1.4274
CoSe,Li2S8,1.18,0.2,1.0,152,103,2.31,5,0.462,1.88,9,2.55,6,0.7372549019607844,5.197,0.0,0.35,https://doi.org/10.1016/j.apsusc.2021.151213,,-0.25744,89.39999999999999,35.230000000000004,12.5,JVASP-CoSe,1.4274
CoSe,Li2S6,1.07,0.25,1.0,152,103,2.31,5,0.462,1.88,9,2.55,6,0.7372549019607844,5.197,0.0,0.35,https://doi.org/10.1016/j.apsusc.2021.151213,,-0.25744,89.39999999999999,35.230000000000004,12.5,JVASP-CoSe,1.4274
CoSe,Li2S4,1.08,0.33,1.0,152,103,2.31,5,0.462,1.88,9,2.55,6,0.7372549019607844,5.197,0.0,0.35,https://doi.org/10.1016/j.apsusc.2021.151213,,-0.25744,89.39999999999999,35.230000000000004,12.5,JVASP-CoSe,1.4274
NiO,S8,1.4,0.0,1.0,149,48,2.11,4,0.621,1.91,10,3.44,6,0.5552325581395349,5.784,2.3,0.0,10.1002/adfm.202101285,,-0.63566,194.38666666666668,52.57333333333334,12.5,JVASP-NiO,0.8292
NiO,Li2S8,2.34,0.2,1.0,149,48,2.11,4,0.621,1.91,10,3.44,6,0.5552325581395349,5.784,2.3,0.0,10.1002/adfm.202101285,,-0.63566,194.38666666666668,52.57333333333334,12.5,JVASP-NiO,0.8292
NiO,Li2S6,1.92,0.25,1.0,149,48,2.11,4,0.621,1.91,10,3.44,6,0.5552325581395349,5.784,2.3,0.0,10.1002/adfm.202101285,,-0.63566,194.38666666666668,52.57333333333334,12.5,JVASP-NiO,0.8292
NiO,Li2S4,2.8,0.33,1.0,149,48,2.11,4,0.621,1.91,10,3.44,6,0.5552325581395349,5.784,2.3,0.0,10.1002/adfm.202101285,,-0.63566,194.38666666666668,52.57333333333334,12.5,JVASP-NiO,0.8292
NiO,Li2S2,2.76,0.5,1.0,149,48,2.11,4,0.621,1.91,10,3.44,6,0.5552325581395349,5.784,2.3,0.0,10.1002/adfm.202101285,,-0.63566,194.38666666666668,52.57333333333334,12.5,JVASP-NiO,0.8292
NiS2,Li2S8,2.3,0.2,0.5,149,88,2.36,4,0.418,1.91,10,2.58,6,0.7403100775193798,7.859,0.0,0.0,10.1039/d1ta03621a,,-0.33352,51.99666666666667,19.581666666666667,12.5,JVASP-NiS2,1.3119
NiS2,Li2S6,1.81,0.25,0.5,149,88,2.36,4,0.418,1.91,10,2.58,6,0.7403100775193798,7.859,0.0,0.0,10.1039/d1ta03621a,,-0.33352,51.99666666666667,19.581666666666667,12.5,JVASP-NiS2,1.3119
NiS2,Li2S4,1.71,0.33,0.5,149,88,2.36,4,0.418,1.91,10,2.58,6,0.7403100775193798,7.859,0.0,0.0,10.1039/d1ta03621a,,-0.33352,51.99666666666667,19.581666666666667,12.5,JVASP-NiS2,1.3119
NiS2,Li2S2,2.23,0.5,0.5,149,88,2.36,4,0.418,1.91,10,2.58,6,0.7403100775193798,7.859,0.0,0.0,10.1039/d1ta03621a,,-0.33352,51.99666666666667,19.581666666666667,12.5,JVASP-NiS2,1.3119
NbSe2,S8,0.77,0.0,0.5,198,103,2.63,5,0.352,1.6,5,2.55,6,0.627450980392157,2.926,0.0,0.75,https://doi.org/10.1016/j.apsusc.2021.151213,,-0.86256,50.138,29.726999999999997,12.5,JVASP-NbSe2,2.159
NbSe2,Li2S8,1.0,0.2,0.5,198,103,2.63,5,0.352,1.6,5,2.55,6,0.627450980392157,2.926,0.0,0.75,https://doi.org/10.1016/j.apsusc.2021.151213,,-0.86256,50.138,29.726999999999997,12.5,JVASP-NbSe2,2.159
NbSe2,Li2S6,1.09,0.25,0.5,198,103,2.63,5,0.352,1.6,5,2.55,6,0.627450980392157,2.926,0.0,0.75,https://doi.org/10.1016/j.apsusc.2021.151213,,-0.86256,50.138,29.726999999999997,12.5,JVASP-NbSe2,2.159
NbSe2,Li2S4,1.48,0.33,0.5,198,103,2.63,5,0.352,1.6,5,2.55,6,0.627450980392157,2.926,0.0,0.75,https://doi.org/10.1016/j.apsusc.2021.151213,,-0.86256,50.138,29.726999999999997,12.5,JVASP-NbSe2,2.159
MoSe2,S8,0.81,0.0,0.5,190,103,2.55,5,0.353,2.16,6,2.55,6,0.8470588235294119,3.959,1.3,0.0,https://doi.org/10.1016/j.apsusc.2021.151213,,-0.67149,45.089999999999996,29.855,12.5,JVASP-MoSe2,2.3704
MoSe2,Li2S8,0.97,0.2,0.5,190,103,2.55,5,0.353,2.16,6,2.55,6,0.8470588235294119,3.959,1.3,0.0,https://doi.org/10.1016/j.apsusc.2021.151213,,-0.67149,45.089999999999996,29.855,12.5,JVASP-MoSe2,2.3704
MoSe2,Li2S6,0.93,0.25,0.5,190,103,2.55,5,0.353,2.16,6,2.55,6,0.8470588235294119,3.959,1.3,0.0,https://doi.org/10.1016/j.apsusc.2021.151213,,-0.67149,45.089999999999996,29.855,12.5,JVASP-MoSe2,2.3704
MoSe2,Li2S4,1.05,0.33,0.5,190,103,2.55,5,0.353,2.16,6,2.55,6,0.8470588235294119,3.959,1.3,0.0,https://doi.org/10.1016/j.apsusc.2021.151213,,-0.67149,45.089999999999996,29.855,12.5,JVASP-MoSe2,2.3704
InSe,S8,0.56,0.0,1.0,156,103,2.68,5,0.361,1.78,3,2.55,6,0.6980392156862746,3.13,0.46,0.0,https://doi.org/10.1016/j.apsusc.2021.151213,,-0.50623,29.705000000000002,16.299999999999997,12.5,JVASP-InSe,0.0883
InSe,Li2S8,0.77,0.2,1.0,156,103,2.68,5,0.361,1.78,3,2.55,6,0.6980392156862746,3.13,0.46,0.0,https://doi.org/10.1016/j.apsusc.2021.151213,,-0.50623,29.705000000000002,16.299999999999997,12.5,JVASP-InSe,0.0883
InSe,Li2S6,0.8,0.25,1.0,156,103,2.68,5,0.361,1.78,3,2.55,6,0.6980392156862746,3.13,0.46,0.0,https://doi.org/10.1016/j.apsusc.2021.151213,,-0.50623,29.705000000000002,16.299999999999997,12.5,JVASP-InSe,0.0883
InSe,Li2S4,0.95,0.33,1.0,156,103,2.68,5,0.361,1.78,3,2.55,6,0.6980392156862746,3.13,0.46,0.0,https://doi.org/10.1016/j.apsusc.2021.151213,,-0.50623,29.705000000000002,16.299999999999997,12.5,JVASP-InSe,0.0883
SnSe,S8,0.77,0.0,1.0,145,103,2.82,1,0.341,1.96,4,2.55,6,0.7686274509803922,4.885,0.47,0.0,https://doi.org/10.1016/j.apsusc.2021.151213,,-0.48235,34.192499999999995,20.91,12.5,JVASP-SnSe,0.3539
SnSe,Li2S8,1.05,0.2,1.0,145,103,2.82,1,0.341,1.96,4,2.55,6,0.7686274509803922,4.885,0.47,0.0,https://doi.org/10.1016/j.apsusc.2021.151213,,-0.48235,34.192499999999995,20.91,12.5,JVASP-SnSe,0.3539
SnSe,Li2S6,1.16,0.25,1.0,145,103,2.82,1,0.341,1.96,4,2.55,6,0.7686274509803922,4.885,0.47,0.0,https://doi.org/10.1016/j.apsusc.2021.151213,,-0.48235,34.192499999999995,20.91,12.5,JVASP-SnSe,0.3539
SnSe,Li2S4,1.18,0.33,1.0,145,103,2.82,1,0.341,1.96,4,2.55,6,0.7686274509803922,4.885,0.47,0.0,https://doi.org/10.1016/j.apsusc.2021.151213,,-0.48235,34.192499999999995,20.91,12.5,JVASP-SnSe,0.3539
SnSe2,S8,0.56,0.0,0.5,145,103,2.75,1,0.317,1.96,4,2.55,6,0.7686274509803922,2.711,0.7,0.01,https://doi.org/10.1016/j.apsusc.2021.151213,,-0.33426,37.68,20.75,12.5,JVASP-SnSe2,0.8304
SnSe2,Li2S8,0.89,0.2,0.5,145,103,2.75,1,0.317,1.96,4,2.55,6,0.7686274509803922,2.711,0.7,0.01,https://doi.org/10.1016/j.apsusc.2021.151213,,-0.33426,37.68,20.75,12.5,JVASP-SnSe2,0.8304
SnSe2,Li2S6,0.81,0.25,0.5,145,103,2.75,1,0.317,1.96,4,2.55,6,0.7686274509803922,2.711,0.7,0.01,https://doi.org/10.1016/j.apsusc.2021.151213,,-0.33426,37.68,20.75,12.5,JVASP-SnSe2,0.8304
SnSe2,Li2S4,1.15,0.33,0.5,145,103,2.75,1,0.317,1.96,4,2.55,6,0.7686274509803922,2.711,0.7,0.01,https://doi.org/10.1016/j.apsusc.2021.151213,,-0.33426,37.68,20.75,12.5,JVASP-SnSe2,0.8304
WSe2,S8,0.81,0.0,0.5,193,103,2.55,5,0.318,1.7,8,2.55,6,0.6666666666666667,4.349,1.45,0.0,https://doi.org/10.1016/j.apsusc.2021.151213,,-0.54463,41.436,30.077999999999996,12.5,JVASP-WSe2,3.0365
WSe2,Li2S8,1.01,0.2,0.5,193,103,2.55,5,0.318,1.7,8,2.55,6,0.6666666666666667,4.349,1.45,0.0,https://doi.org/10.1016/j.apsusc.2021.151213,,-0.54463,41.436,30.077999999999996,12.5,JVASP-WSe2,3.0365
WSe2,Li2S6,0.97,0.25,0.5,193,103,2.55,5,0.318,1.7,8,2.55,6,0.6666666666666667,4.349,1.45,0.0,https://doi.org/10.1016/j.apsusc.2021.151213,,-0.54463,41.436,30.077999999999996,12.5,JVASP-WSe2,3.0365
WSe2,Li2S4,1.06,0.33,0.5,193,103,2.55,5,0.318,1.7,8,2.55,6,0.6666666666666667,4.349,1.45,0.0,https://doi.org/10.1016/j.apsusc.2021.151213,,-0.54463,41.436,30.077999999999996,12.5,JVASP-WSe2,3.0365
Cu2Se,S8,0.89,0.0,2.0,145,103,2.43,8,0.516,1.9,11,2.55,6,0.7450980392156863,5.33,0.0,0.0,https://doi.org/10.1021/acsnano.2c03788,用了Imm2（晶系相同）,-0.05503,73.72749999999999,7.9,12.5,JVASP-Cu2Se,0.1429
Cu2Se,Li2S8,1.15,0.2,2.0,145,103,2.43,8,0.516,1.9,11,2.55,6,0.7450980392156863,5.33,0.0,0.0,https://doi.org/10.1021/acsnano.2c03788,,-0.05503,73.72749999999999,7.9,12.5,JVASP-Cu2Se,0.1429
Cu2Se,Li2S6,1.87,0.25,2.0,145,103,2.43,8,0.516,1.9,11,2.55,6,0.7450980392156863,5.33,0.0,0.0,https://doi.org/10.1021/acsnano.2c03788,,-0.05503,73.72749999999999,7.9,12.5,JVASP-Cu2Se,0.1429
Cu2Se,Li2S4,1.62,0.33,2.0,145,103,2.43,8,0.516,1.9,11,2.55,6,0.7450980392156863,5.33,0.0,0.0,https://doi.org/10.1021/acsnano.2c03788,,-0.05503,73.72749999999999,7.9,12.5,JVASP-Cu2Se,0.1429
Cu2Se,Li2S2,1.23,0.5,2.0,145,103,2.43,8,0.516,1.9,11,2.55,6,0.7450980392156863,5.33,0.0,0.0,https://doi.org/10.1021/acsnano.2c03788,,-0.05503,73.72749999999999,7.9,12.5,JVASP-Cu2Se,0.1429
Cu1.8Se,S8,1.68,0.0,1.8,145,103,2.51,3,0.544,1.9,11,2.55,6,0.7450980392156863,5.914,0.0,0.0,https://doi.org/10.1021/acsnano.2c03788,用Cu2Se（空间群相同，Fm-3m）,-0.05503,73.7275,7.9,12.5,JVASP-Cu1.8Se,0.1429
Cu1.8Se,Li2S8,2.25,0.2,1.8,145,103,2.51,3,0.544,1.9,11,2.55,6,0.7450980392156863,5.914,0.0,0.0,https://doi.org/10.1021/acsnano.2c03788,,-0.05503,73.7275,7.9,12.5,JVASP-Cu1.8Se,0.1429
Cu1.8Se,Li2S6,3.67,0.25,1.8,145,103,2.51,3,0.544,1.9,11,2.55,6,0.7450980392156863,5.914,0.0,0.0,https://doi.org/10.1021/acsnano.2c03788,,-0.05503,73.7275,7.9,12.5,JVASP-Cu1.8Se,0.1429
Cu1.8Se,Li2S4,3.21,0.33,1.8,145,103,2.51,3,0.544,1.9,11,2.55,6,0.7450980392156863,5.914,0.0,0.0,https://doi.org/10.1021/acsnano.2c03788,,-0.05503,73.7275,7.9,12.5,JVASP-Cu1.8Se,0.1429
Cu1.8Se,Li2S2,2.86,0.5,1.8,145,103,2.51,3,0.544,1.9,11,2.55,6,0.7450980392156863,5.914,0.0,0.0,https://doi.org/10.1021/acsnano.2c03788,,-0.05503,73.7275,7.9,12.5,JVASP-Cu1.8Se,0.1429
ZnO,S8,3.94,0.0,1.0,142,48,2.01,4,0.458,1.65,12,3.44,6,0.4796511627906976,0.889,0.72,0.0,https://doi.org/10.1016/j.cej.2021.129707,,-1.59197,143.80166666666668,44.626666666666665,12.5,JVASP-ZnO,0.0
ZnO,Li2S8,5.21,0.2,1.0,142,48,2.01,4,0.458,1.65,12,3.44,6,0.4796511627906976,0.889,0.72,0.0,https://doi.org/10.1016/j.cej.2021.129707,,-1.59197,143.80166666666668,44.626666666666665,12.5,JVASP-ZnO,0.0
ZnO,Li2S6,3.84,0.25,1.0,142,48,2.01,4,0.458,1.65,12,3.44,6,0.4796511627906976,0.889,0.72,0.0,https://doi.org/10.1016/j.cej.2021.129707,,-1.59197,143.80166666666668,44.626666666666665,12.5,JVASP-ZnO,0.0
ZnO,Li2S4,4.34,0.33,1.0,142,48,2.01,4,0.458,1.65,12,3.44,6,0.4796511627906976,0.889,0.72,0.0,https://doi.org/10.1016/j.cej.2021.129707,,-1.59197,143.80166666666668,44.626666666666665,12.5,JVASP-ZnO,0.0
ZnO,Li2S2,5.52,0.5,1.0,142,48,2.01,4,0.458,1.65,12,3.44,6,0.4796511627906976,0.889,0.72,0.0,https://doi.org/10.1016/j.cej.2021.129707,,-1.59197,143.80166666666668,44.626666666666665,12.5,JVASP-ZnO,0.0
ZnSe,S8,2.68,0.0,1.0,142,103,2.49,3,0.353,1.65,12,2.55,6,0.6470588235294118,1.309,1.17,0.0,https://doi.org/10.1002/advs.202103456,,-0.71802,49.910000000000004,24.873333333333335,12.5,JVASP-ZnSe,0.0
ZnSe,Li2S8,2.27,0.2,1.0,142,103,2.49,3,0.353,1.65,12,2.55,6,0.6470588235294118,1.309,1.17,0.0,https://doi.org/10.1002/advs.202103456,,-0.71802,49.910000000000004,24.873333333333335,12.5,JVASP-ZnSe,0.0
ZnSe,Li2S6,1.74,0.25,1.0,142,103,2.49,3,0.353,1.65,12,2.55,6,0.6470588235294118,1.309,1.17,0.0,https://doi.org/10.1002/advs.202103456,,-0.71802,49.910000000000004,24.873333333333335,12.5,JVASP-ZnSe,0.0
ZnSe,Li2S4,1.54,0.33,1.0,142,103,2.49,3,0.353,1.65,12,2.55,6,0.6470588235294118,1.309,1.17,0.0,https://doi.org/10.1002/advs.202103456,,-0.71802,49.910000000000004,24.873333333333335,12.5,JVASP-ZnSe,0.0
ZnSe,Li2S2,2.12,0.5,1.0,142,103,2.49,3,0.353,1.65,12,2.55,6,0.6470588235294118,1.309,1.17,0.0,https://doi.org/10.1002/advs.202103456,,-0.71802,49.910000000000004,24.873333333333335,12.5,JVASP-ZnSe,0.0
WB2,Li2S8,1.41,0.2,0.5,193,87,2.34,2,0.553,1.7,8,2.04,3,0.8333333333333333,10.812,0.0,0.0,https://doi.org/10.1002/smll.202203222,,-1.50036,310.0,180.0,12.5,JVASP-WB2,4.8851
WB2,Li2S6,2.2,0.25,0.5,193,87,2.34,2,0.553,1.7,8,2.04,3,0.8333333333333333,10.812,0.0,0.0,https://doi.org/10.1002/smll.202203222,,-1.50036,310.0,180.0,12.5,JVASP-WB2,4.8851
WB2,Li2S4,2.99,0.33,0.5,193,87,2.34,2,0.553,1.7,8,2.04,3,0.8333333333333333,10.812,0.0,0.0,https://doi.org/10.1002/smll.202203222,,-1.50036,310.0,180.0,12.5,JVASP-WB2,4.8851
WB2,Li2S2,4.29,0.5,0.5,193,87,2.34,2,0.553,1.7,8,2.04,3,0.8333333333333333,10.812,0.0,0.0,https://doi.org/10.1002/smll.202203222,,-1.50036,310.0,180.0,12.5,JVASP-WB2,4.8851
MoTe2,S8,0.79,0.0,0.5,190,123,2.76,4,0.091,2.16,6,2.1,6,1.028571428571429,6.634,0.0,0.0,https://doi.org/10.1021/acsnano.1c03011,"1T',P21/m,71-2157",-0.45,42.5,25.0,12.5,JVASP-MoTe2,2.2307
MoTe2,Li2S8,1.26,0.2,0.5,190,123,2.76,4,0.091,2.16,6,2.1,6,1.028571428571429,6.634,0.0,0.0,https://doi.org/10.1021/acsnano.1c03011,,-0.45,42.5,25.0,12.5,JVASP-MoTe2,2.2307
MoTe2,Li2S6,1.08,0.25,0.5,190,123,2.76,4,0.091,2.16,6,2.1,6,1.028571428571429,6.634,0.0,0.0,https://doi.org/10.1021/acsnano.1c03011,,-0.45,42.5,25.0,12.5,JVASP-MoTe2,2.2307
MoTe2,Li2S4,2.66,0.33,0.5,190,123,2.76,4,0.091,2.16,6,2.1,6,1.028571428571429,6.634,0.0,0.0,https://doi.org/10.1021/acsnano.1c03011,,-0.45,42.5,25.0,12.5,JVASP-MoTe2,2.2307
MoTe2,Li2S2,3.46,0.5,0.5,190,123,2.76,4,0.091,2.16,6,2.1,6,1.028571428571429,6.634,0.0,0.0,https://doi.org/10.1021/acsnano.1c03011,,-0.45,42.5,25.0,12.5,JVASP-MoTe2,2.2307
MoS2,S8,0.81,0.0,0.5,190,88,2.42,4,0.382,2.16,6,2.58,6,0.8372093023255814,4.765,1.34,0.0,https://doi.org/10.1021/acsnano.1c06067,37-1492，2H,-0.9616,54.348333333333336,36.848333333333336,12.5,JVASP-MoS2,2.5746
MoS2,Li2S8,1.25,0.2,0.5,190,88,2.42,4,0.382,2.16,6,2.58,6,0.8372093023255814,4.765,1.34,0.0,https://doi.org/10.1021/acsnano.1c06067,,-0.9616,54.348333333333336,36.848333333333336,12.5,JVASP-MoS2,2.5746
MoS2,Li2S6,1.09,0.25,0.5,190,88,2.42,4,0.382,2.16,6,2.58,6,0.8372093023255814,4.765,1.34,0.0,https://doi.org/10.1021/acsnano.1c06067,,-0.9616,54.348333333333336,36.848333333333336,12.5,JVASP-MoS2,2.5746
MoS2,Li2S4,1.07,0.33,0.5,190,88,2.42,4,0.382,2.16,6,2.58,6,0.8372093023255814,4.765,1.34,0.0,https://doi.org/10.1021/acsnano.1c06067,,-0.9616,54.348333333333336,36.848333333333336,12.5,JVASP-MoS2,2.5746
MoS2,Li2S2,1.25,0.5,0.5,190,88,2.42,4,0.382,2.16,6,2.58,6,0.8372093023255814,4.765,1.34,0.0,https://doi.org/10.1021/acsnano.1c06067,,-0.9616,54.348333333333336,36.848333333333336,12.5,JVASP-MoS2,2.5746
MoO3,Li2S8,3.24,0.2,0.33,190,48,1.98,2,0.296,2.16,6,3.44,6,0.627906976744186,1.491,1.37,0.0,https://doi.org/10.1016/j.ensm.2022.02.028,,-2.08618,64.02,33.28,12.5,JVASP-MoO3,2.772
MoO3,Li2S6,3.73,0.25,0.33,190,48,1.98,2,0.296,2.16,6,3.44,6,0.627906976744186,1.491,1.37,0.0,https://doi.org/10.1016/j.ensm.2022.02.028,,-2.08618,64.02,33.28,12.5,JVASP-MoO3,2.772
MoO3,Li2S4,3.85,0.33,0.33,190,48,1.98,2,0.296,2.16,6,3.44,6,0.627906976744186,1.491,1.37,0.0,https://doi.org/10.1016/j.ensm.2022.02.028,,-2.08618,64.02,33.28,12.5,JVASP-MoO3,2.772
MoO3,Li2S2,4.14,0.5,0.33,190,48,1.98,2,0.296,2.16,6,3.44,6,0.627906976744186,1.491,1.37,0.0,https://doi.org/10.1016/j.ensm.2022.02.028,,-2.08618,64.02,33.28,12.5,JVASP-MoO3,2.772
Mo2C,Li2S8,2.4,0.2,2.0,190,67,2.17,2,0.687,2.16,6,2.55,4,0.8470588235294119,10.888,0.0,0.0,https://doi.org/10.1016/j.ensm.2022.02.028,35-0787,-0.14929,293.87,147.8,12.5,JVASP-Mo2C,5.2773
Mo2C,Li2S6,2.67,0.25,2.0,190,67,2.17,2,0.687,2.16,6,2.55,4,0.8470588235294119,10.888,0.0,0.0,https://doi.org/10.1016/j.ensm.2022.02.028,35-0787,-0.14929,293.87,147.8,12.5,JVASP-Mo2C,5.2773
Mo2C,Li2S4,2.82,0.33,2.0,190,67,2.17,2,0.687,2.16,6,2.55,4,0.8470588235294119,10.888,0.0,0.0,https://doi.org/10.1016/j.ensm.2022.02.028,35-0787,-0.14929,293.87,147.8,12.5,JVASP-Mo2C,5.2773
Mo2C,Li2S2,3.24,0.5,2.0,190,67,2.17,2,0.687,2.16,6,2.55,4,0.8470588235294119,10.888,0.0,0.0,https://doi.org/10.1016/j.ensm.2022.02.028,35-0787,-0.14929,293.87,147.8,12.5,JVASP-Mo2C,5.2773
MoC,Li2S6,2.89,0.25,1.0,190,67,2.2,1,0.678,2.16,6,2.55,4,0.8470588235294119,12.551,0.0,0.0,https://doi.org/10.1021/acsami.1c10612,,-0.1697,306.8433333333333,145.58333333333334,12.5,JVASP-MoC,3.9154
Ni2P,Li2S6,1.79,0.25,2.0,149,98,2.35,3,0.728,1.91,10,2.19,5,0.8721461187214612,10.201,0.0,0.0,10.1016/j.nanoen.2021.106584,,-0.43165000000000003,184.17999999999998,38.15,12.5,JVASP-Ni2P,1.3358
Ni2P,Li2S4,1.22,0.33,2.0,149,98,2.35,3,0.728,1.91,10,2.19,5,0.8721461187214612,10.201,0.0,0.0,10.1016/j.nanoen.2021.106584,,-0.43165000000000003,184.17999999999998,38.15,12.5,JVASP-Ni2P,1.3358
Ni2P,Li2S2,2.08,0.5,2.0,149,98,2.35,3,0.728,1.91,10,2.19,5,0.8721461187214612,10.201,0.0,0.0,10.1016/j.nanoen.2021.106584,,-0.43165000000000003,184.17999999999998,38.15,12.5,JVASP-Ni2P,1.3358
Ni3P,Li2S8,2.102,0.2,3.0,149,98,2.27,14,0.819,1.91,10,2.19,5,0.8721461187214612,9.548,0.0,0.02,10.1002/adfm.202104513,,-0.40509,195.0,68.0,12.5,JVASP-Ni3P,1.4178
Ni3P,Li2S6,1.41,0.25,3.0,149,98,2.27,14,0.819,1.91,10,2.19,5,0.8721461187214612,9.548,0.0,0.02,10.1002/adfm.202104513,,-0.40509,195.0,68.0,12.5,JVASP-Ni3P,1.4178
Ni3P,Li2S4,2.291,0.33,3.0,149,98,2.27,14,0.819,1.91,10,2.19,5,0.8721461187214612,9.548,0.0,0.02,10.1002/adfm.202104513,,-0.40509,195.0,68.0,12.5,JVASP-Ni3P,1.4178
Ni3P,Li2S2,2.647,0.5,3.0,149,98,2.27,14,0.819,1.91,10,2.19,5,0.8721461187214612,9.548,0.0,0.02,10.1002/adfm.202104513,,-0.40509,195.0,68.0,12.5,JVASP-Ni3P,1.4178
ZnS,S8,0.11,0.0,1.0,142,88,2.36,3,0.362,1.65,12,2.58,6,0.6395348837209301,1.961,2.02,0.0,https://doi.org/10.1016/j.ensm.2022.09.018,,-0.8868199999999999,72.29833333333333,33.288333333333334,12.5,JVASP-ZnS,0.0347
ZnS,Li2S8,0.83,0.2,1.0,142,88,2.36,3,0.362,1.65,12,2.58,6,0.6395348837209301,1.961,2.02,0.0,https://doi.org/10.1016/j.ensm.2022.09.018,,-0.8868199999999999,72.29833333333333,33.288333333333334,12.5,JVASP-ZnS,0.0347
ZnS,Li2S6,0.63,0.25,1.0,142,88,2.36,3,0.362,1.65,12,2.58,6,0.6395348837209301,1.961,2.02,0.0,https://doi.org/10.1016/j.ensm.2022.09.018,,-0.8868199999999999,72.29833333333333,33.288333333333334,12.5,JVASP-ZnS,0.0347
ZnS,Li2S4,1.39,0.33,1.0,142,88,2.36,3,0.362,1.65,12,2.58,6,0.6395348837209301,1.961,2.02,0.0,https://doi.org/10.1016/j.ensm.2022.09.018,,-0.8868199999999999,72.29833333333333,33.288333333333334,12.5,JVASP-ZnS,0.0347
ZnS,Li2S2,1.73,0.5,1.0,142,88,2.36,3,0.362,1.65,12,2.58,6,0.6395348837209301,1.961,2.02,0.0,https://doi.org/10.1016/j.ensm.2022.09.018,,-0.8868199999999999,72.29833333333333,33.288333333333334,12.5,JVASP-ZnS,0.0347
Co3O4,Li2S8,3.59,0.2,0.75,152,48,2.0,11,0.533,1.88,9,3.44,6,0.546511628,5.587,0.0,3.0,https://doi.org/10.1016/j.cej.2022.137777,,-1.10868,186.5,65.0,12.5,JVASP-Co3O4,3.0192
Co3O4,Li2S8,6.52,0.2,0.75,152,48,2.0,11,0.533,1.88,9,3.44,6,0.546511628,5.587,0.0,3.0,https://doi.org/10.1016/j.cej.2022.137777,,-1.10868,186.5,65.0,12.5,JVASP-Co3O4,3.0192
Co3O4,Li2S6,6.6,0.25,0.75,152,48,2.0,11,0.533,1.88,9,3.44,6,0.546511628,5.587,0.0,3.0,https://doi.org/10.1016/j.cej.2022.137777,,-1.10868,186.5,65.0,12.5,JVASP-Co3O4,3.0192
Co3O4,Li2S4,6.88,0.33,0.75,152,48,2.0,11,0.533,1.88,9,3.44,6,0.546511628,5.587,0.0,3.0,https://doi.org/10.1016/j.cej.2022.137777,,-1.10868,186.5,65.0,12.5,JVASP-Co3O4,3.0192
Co3O4,Li2S2,8.1,0.5,0.75,152,48,2.0,11,0.533,1.88,9,3.44,6,0.546511628,5.587,0.0,3.0,https://doi.org/10.1016/j.cej.2022.137777,,-1.10868,186.5,65.0,12.5,JVASP-Co3O4,3.0192
CoS2,Li2S8,1.09,0.2,0.5,152,88,2.31,4,0.444,1.88,9,2.58,6,0.728682171,9.348,0.0,1.0,https://doi.org/10.1016/j.cej.2022.134498,,-0.44998,82.39,33.587500000000006,12.5,JVASP-CoS2,1.9429
CoS2,Li2S6,1.02,0.25,0.5,152,88,2.31,4,0.444,1.88,9,2.58,6,0.728682171,9.348,0.0,1.0,https://doi.org/10.1016/j.cej.2022.134498,,-0.44998,82.39,33.587500000000006,12.5,JVASP-CoS2,1.9429
CoS2,Li2S4,1.44,0.33,0.5,152,88,2.31,4,0.444,1.88,9,2.58,6,0.728682171,9.348,0.0,1.0,https://doi.org/10.1016/j.cej.2022.134498,,-0.44998,82.39,33.587500000000006,12.5,JVASP-CoS2,1.9429
